{"train_loss": [], "val_loss": [], "train_acc": [], "val_acc": [], "train_total_loss": [2.435456749200821, 2.4189034614562988, 2.3912717950344087, 2.371304136514664, 2.367579352617264], "train_strategy_loss": [1.4420621944665908, 1.4337710874080658, 1.4116051746606826, 1.3955008198022842, 1.3925953906774522], "train_emotion_loss": [1.9867891128063202, 1.9702647486925124, 1.9593332368135452, 1.951606634736061, 1.9499679124355316], "train_strategy_acc": [0.258, 0.2455, 0.24725, 0.2525, 0.249], "train_emotion_acc": [0.148875, 0.150875, 0.139125, 0.142125, 0.1445], "val_total_loss": [2.3871853351593018, 2.3605965814590455, 2.358827449798584, 2.358408103942871, 2.3588031225204467], "val_strategy_loss": [1.4033798503875732, 1.387137354850769, 1.3857989320755004, 1.385378435611725, 1.38574897480011], "val_emotion_loss": [1.9676109700202942, 1.9469184527397156, 1.9460570373535155, 1.94605934381485, 1.9461082987785339], "val_strategy_acc": [0.2345, 0.245, 0.2635, 0.2695, 0.258], "val_emotion_acc": [0.1535, 0.1535, 0.1465, 0.1425, 0.145]}